repository,detections,unique_vulnerabilities,affected_packages,priority_score
TanStack/db,619,326,84,1548.0
TanStack/devtools,441,296,78,1077.0
TanStack/router,392,272,79,951.0
TanStack/form,314,221,67,775.0
TanStack/query,302,231,59,739.0
TanStack/react-charts,291,168,77,729.0
TanStack/ai,273,210,67,684.0
TanStack/cli,244,162,43,609.0
TanStack/virtual,239,193,60,597.0
TanStack/store,229,178,49,538.0
TanStack/alt-cli,179,151,35,440.0
TanStack/tanstack.com,196,149,42,435.0
TanStack/workflow,184,137,31,435.0
TanStack/persist,176,132,34,426.0
TanStack/select,161,126,35,413.0
TanStack/ranger,153,133,30,369.0
TanStack/charts,121,104,34,310.0
TanStack/hotkeys,120,101,34,298.0
TanStack/table,100,89,27,259.0
TanStack/bling,108,103,34,239.0
TanStack/config,78,67,19,195.0
TanStack/template,80,77,17,182.0
TanStack/pacer,63,63,15,155.0
TanStack/container,37,29,14,92.0
TanStack/redact,25,23,13,66.0
TanStack/markdown,20,19,11,52.0
TanStack/intent,17,17,6,46.0
TanStack/preact,14,11,8,39.0
TanStack/highlight,10,9,8,26.0
