repository,detections,percentage,cumulative_percentage
TanStack/db,619,11.94,11.94
TanStack/devtools,441,8.5,20.44
TanStack/router,392,7.56,28.0
TanStack/form,314,6.05,34.05
TanStack/query,302,5.82,39.87
TanStack/react-charts,291,5.61,45.48
TanStack/ai,273,5.26,50.74
TanStack/cli,244,4.7,55.44
TanStack/virtual,239,4.61,60.05
TanStack/store,229,4.42,64.47
TanStack/tanstack.com,196,3.78,68.25
TanStack/workflow,184,3.55,71.8
TanStack/alt-cli,179,3.45,75.25
TanStack/persist,176,3.39,78.64
TanStack/select,161,3.1,81.74
TanStack/ranger,153,2.95,84.69
TanStack/charts,121,2.33,87.02
TanStack/hotkeys,120,2.31,89.33
TanStack/bling,108,2.08,91.41
TanStack/table,100,1.93,93.34
TanStack/template,80,1.54,94.88
TanStack/config,78,1.5,96.38
TanStack/pacer,63,1.21,97.59
TanStack/container,37,0.71,98.3
TanStack/redact,25,0.48,98.78
TanStack/markdown,20,0.39,99.17
TanStack/intent,17,0.33,99.5
TanStack/preact,14,0.27,99.77
TanStack/highlight,10,0.19,99.96
