repository,codeql_findings,grype_detections,total_security_evidence
TanStack/ai,159,273,432
TanStack/alt-cli,9,179,188
TanStack/bling,29,108,137
TanStack/charts,130,121,251
TanStack/cli,68,244,312
TanStack/config,9,78,87
TanStack/container,217,37,254
TanStack/db,84,619,703
TanStack/devtools,14,441,455
TanStack/form,263,314,577
TanStack/highlight,2,10,12
TanStack/hotkeys,2,120,122
TanStack/intent,20,17,37
TanStack/markdown,10,20,30
TanStack/pacer,2,63,65
TanStack/persist,0,176,176
TanStack/preact,164,14,178
TanStack/query,102,302,404
TanStack/ranger,2,153,155
TanStack/react-charts,12,291,303
TanStack/redact,18,25,43
TanStack/router,660,392,1052
TanStack/select,0,161,161
TanStack/store,3,229,232
TanStack/table,98,100,198
TanStack/tanstack.com,86,196,282
TanStack/template,1,80,81
TanStack/virtual,11,239,250
TanStack/workflow,0,184,184
