repository,unique_components,percentage,cumulative_percentage
db,3168,7.47,7.47
ai,3146,7.41,14.88
query,3059,7.21,22.09
router,2916,6.87,28.96
table,2806,6.61,35.57
devtools,2747,6.47,42.04
form,2707,6.38,48.42
hotkeys,2165,5.1,53.52
pacer,1823,4.3,57.82
store,1731,4.08,61.9
virtual,1682,3.96,65.86
tanstack.com,1673,3.94,69.8
react-charts,1566,3.69,73.49
cli,1410,3.32,76.81
charts,1189,2.8,79.61
container,984,2.32,81.93
intent,899,2.12,84.05
persist,892,2.1,86.15
template,784,1.85,88.0
select,731,1.72,89.72
workflow,722,1.7,91.42
alt-cli,672,1.58,93.0
config,649,1.53,94.53
ranger,577,1.36,95.89
bling,531,1.25,97.14
redact,414,0.98,98.12
markdown,360,0.85,98.97
highlight,269,0.63,99.6
preact,157,0.37,99.97
time,0,0.0,99.97
