repository,bom_format,spec_version,serial_number,timestamp,syft_version,raw_components,dependency_nodes
ai,CycloneDX,1.7,urn:uuid:614152db-a843-43e6-9ab4-fa151567daf5,2026-10-09T04:44:40Z,1.54.1,3165,1563
alt-cli,CycloneDX,1.7,urn:uuid:e805bf94-964e-4659-aacd-68c7750d6f26,2026-10-09T04:51:15Z,1.54.1,676,263
bling,CycloneDX,1.7,urn:uuid:13541fcf-ad1f-4648-8f37-b53e618facc3,2026-10-09T04:51:45Z,1.54.1,534,255
charts,CycloneDX,1.7,urn:uuid:c90b44c4-8ac4-4658-9905-b84d89fc4409,2026-10-09T04:52:15Z,1.54.1,1196,564
cli,CycloneDX,1.7,urn:uuid:1fced9db-9b63-47c7-8701-dfa327e45c59,2026-10-09T04:55:01Z,1.54.1,1767,813
config,CycloneDX,1.7,urn:uuid:b9e48e9a-3c69-4ef1-a07a-9af7b3476f85,2026-10-09T04:55:44Z,1.54.1,654,282
container,CycloneDX,1.7,urn:uuid:547552ef-fec0-486f-90cb-46ffdfc6f389,2026-10-09T04:56:11Z,1.54.1,2195,940
db,CycloneDX,1.7,urn:uuid:5303a4dd-8b63-4799-befe-2b8be6c7b930,2026-10-09T04:58:56Z,1.54.1,4373,1949
devtools,CycloneDX,1.7,urn:uuid:dc4bdb97-dfa2-40ed-a0ce-cc524123a2d3,2026-10-09T05:05:10Z,1.54.1,3172,1462
form,CycloneDX,1.7,urn:uuid:ec82fd4d-44a3-49bf-98a1-43ad6ff9f9de,2026-10-09T05:05:56Z,1.54.1,2712,1437
highlight,CycloneDX,1.7,urn:uuid:64ac37c9-9ac4-4cc3-a4f0-280b5590b8a1,2026-10-09T05:06:41Z,1.54.1,272,106
hotkeys,CycloneDX,1.7,urn:uuid:aa89768f-ede9-4f7a-afd2-feccc2d87fb7,2026-10-09T05:07:13Z,1.54.1,2170,1096
intent,CycloneDX,1.7,urn:uuid:b568fa40-6d49-49d5-8cd8-a735d6e79709,2026-10-09T05:07:56Z,1.54.1,911,349
markdown,CycloneDX,1.7,urn:uuid:f2152bc8-a369-469e-b1a1-0674ce117d4b,2026-10-09T05:08:39Z,1.54.1,365,134
pacer,CycloneDX,1.7,urn:uuid:229d97ff-0f87-4733-91d3-64d7c08cccf4,2026-10-09T05:09:11Z,1.54.1,1828,901
persist,CycloneDX,1.7,urn:uuid:c028e5ce-bd55-40ae-a2c0-0035ea60cf74,2026-10-09T05:10:22Z,1.54.1,896,386
preact,CycloneDX,1.7,urn:uuid:bb1da564-3d5d-4a0d-a6a6-96027406fb52,2026-10-09T05:10:48Z,1.54.1,172,64
query,CycloneDX,1.7,urn:uuid:94afce00-426d-4e89-95e6-e11da9970bd2,2026-10-09T05:11:34Z,1.54.1,3064,1575
ranger,CycloneDX,1.7,urn:uuid:c8db7a3f-1443-44af-bc52-89119e87960f,2026-10-09T05:13:21Z,1.54.1,581,223
react-charts,CycloneDX,1.7,urn:uuid:d42ccebf-8336-476b-848e-f9cbcad29e3e,2026-10-09T05:13:46Z,1.54.1,2020,1077
redact,CycloneDX,1.7,urn:uuid:35db6658-9b9f-4ce7-aa24-a09acdc0a1a4,2026-10-09T05:14:17Z,1.54.1,416,138
router,CycloneDX,1.7,urn:uuid:6247bd77-a77c-4fcb-9d0d-da4c068d32bc,2026-10-09T05:15:11Z,1.54.1,2926,1348
select,CycloneDX,1.7,urn:uuid:f1f00d5a-cd39-4cb3-af98-37e169a74379,2026-10-09T05:20:45Z,1.54.1,735,344
store,CycloneDX,1.7,urn:uuid:bcbaaa4c-b557-4be5-bd0a-bcb6869cfcb6,2026-10-09T05:21:11Z,1.54.1,1736,891
table,CycloneDX,1.7,urn:uuid:564175fd-b999-4cb7-a73c-ed9bc0496eaf,2026-10-09T05:21:42Z,1.54.1,2811,1573
tanstack.com,CycloneDX,1.7,urn:uuid:564072a3-21ac-4268-a2e3-fc173455fbfe,2026-10-09T05:24:43Z,1.54.1,1679,765
template,CycloneDX,1.7,urn:uuid:5bad2a81-4118-460b-9645-fb882006ae2c,2026-10-09T05:29:01Z,1.54.1,789,313
time,CycloneDX,1.7,urn:uuid:78f45a35-4b43-45ea-8cfa-f96c3869e556,2026-10-09T05:29:25Z,1.54.1,0,0
virtual,CycloneDX,1.7,urn:uuid:59a7deb3-5dfe-4693-8e2d-a8c0189f1868,2026-10-09T05:29:30Z,1.54.1,1687,834
workflow,CycloneDX,1.7,urn:uuid:5d4b928e-856f-4411-9f6c-4f5d774ef16b,2026-10-09T05:30:04Z,1.54.1,727,269
