repository,total_findings,security_findings,security_percentage
codemod,127,40,31.5
badgeboard,42,1,2.38
express,34,5,14.71
vhost,17,1,5.88
express-expose,14,0,0.0
body-parser,13,12,92.31
perf-wg,11,4,36.36
urlrouter,8,4,50.0
express-paginate,7,0,0.0
connect-markdown,5,4,80.0
multer,4,4,100.0
session,4,3,75.0
vhostess,4,0,0.0
domain-middleware,3,2,66.67
express-namespace,3,0,0.0
connect-multiparty,2,2,100.0
restful-router,2,0,0.0
connect-rid,1,0,0.0
cors,1,1,100.0
expressjs.com,1,1,100.0
generator,1,0,0.0
method-override,1,1,100.0
morgan,1,0,0.0
serve-index,1,0,0.0
