repository,total_findings,unique_rules,files_affected,security_findings,test_findings,security_percentage,test_percentage
ai,160,23,100,87,75,54.37,46.88
alt-cli,9,4,3,7,0,77.78,0.0
bling,29,7,12,5,0,17.24,0.0
charts,134,9,54,13,92,9.7,68.66
cli,68,9,29,8,6,11.76,8.82
config,9,3,3,9,0,100.0,0.0
container,152,26,103,80,41,52.63,26.97
db,83,20,33,24,52,28.92,62.65
devtools,14,6,10,7,1,50.0,7.14
form,263,2,42,0,244,0.0,92.78
highlight,2,2,2,1,0,50.0,0.0
hotkeys,2,2,2,1,1,50.0,50.0
intent,20,5,9,20,13,100.0,65.0
markdown,10,5,6,9,0,90.0,0.0
pacer,2,2,2,1,1,50.0,50.0
preact,164,9,24,2,160,1.22,97.56
query,102,11,29,5,90,4.9,88.24
ranger,2,1,2,0,2,0.0,100.0
react-charts,12,4,9,0,2,0.0,16.67
redact,18,9,14,9,3,50.0,16.67
router,660,29,316,61,530,9.24,80.3
store,3,2,3,0,2,0.0,66.67
table,98,15,45,18,7,18.37,7.14
