repository,unique_components,unique_component_names,npm_components,github_action_components,unknown_versions,with_purl,with_cpe,with_license,raw_component_occurrences,purl_percentage,cpe_percentage,license_percentage,dependency_edges,dependency_sources,dependency_targets
db,3287,2112,3259,12,16,3272,3272,1,4504,99.54,99.54,0.03,11055,2026,3473
ai,3146,2533,2977,10,13,3132,3133,0,3165,99.55,99.59,0.0,9959,1563,2467
query,3052,2418,3039,8,5,3047,3047,0,3057,99.84,99.84,0.0,10351,1572,2495
router,2916,2099,2896,11,9,2907,2907,0,2926,99.69,99.69,0.0,9562,1348,2220
table,2806,2113,2789,11,6,2800,2800,0,2811,99.79,99.79,0.0,10989,1573,2175
devtools,2747,1982,2722,13,12,2735,2735,0,3172,99.56,99.56,0.0,7467,1462,2547
form,2707,2173,2693,9,5,2702,2702,0,2712,99.82,99.82,0.0,9404,1437,2212
hotkeys,2165,1597,2152,8,5,2160,2160,0,2170,99.77,99.77,0.0,7566,1096,1671
pacer,1823,1444,1809,9,5,1818,1818,0,1828,99.73,99.73,0.0,5833,901,1402
store,1731,1463,1718,8,5,1726,1726,0,1736,99.71,99.71,0.0,4830,891,1410
virtual,1682,1431,1667,10,5,1677,1677,0,1687,99.7,99.7,0.0,4640,834,1380
tanstack.com,1673,1399,1661,6,6,1667,1667,0,1679,99.64,99.64,0.0,3402,765,1243
react-charts,1566,1284,1559,3,4,1562,1561,0,2020,99.74,99.68,0.0,4719,1077,1899
cli,1410,1130,1391,9,10,1400,1400,0,1767,99.29,99.29,0.0,3458,813,1433
charts,1189,1022,1175,8,7,1182,1183,0,1196,99.41,99.5,0.0,2874,564,974
container,984,847,952,2,38,957,957,924,2195,97.26,97.26,93.9,3590,940,1870
intent,899,813,879,11,9,890,890,0,911,99.0,99.0,0.0,1632,349,689
persist,892,751,880,8,4,888,888,0,896,99.55,99.55,0.0,2074,386,678
template,784,676,770,9,5,779,779,0,789,99.36,99.36,0.0,1511,313,536
select,731,674,722,5,4,727,727,0,735,99.45,99.45,0.0,1443,344,621
workflow,722,634,708,9,5,717,717,0,727,99.31,99.31,0.0,1195,269,498
alt-cli,672,595,663,5,4,668,668,0,676,99.4,99.4,0.0,1168,263,509
config,649,604,635,9,8,641,644,0,654,98.77,99.23,0.0,1144,282,495
ranger,577,527,567,6,4,573,573,0,581,99.31,99.31,0.0,850,223,430
bling,531,484,525,3,3,528,528,0,534,99.44,99.44,0.0,943,255,466
redact,414,345,407,3,5,410,410,3,416,99.03,99.03,0.72,470,138,283
markdown,360,295,346,10,5,355,356,0,365,98.61,98.89,0.0,577,134,225
highlight,269,261,258,7,4,265,265,0,272,98.51,98.51,0.0,347,106,197
preact,157,153,128,19,16,142,147,1,172,90.45,93.63,0.64,233,64,123
